Rickard,Drummer
Samuel,Sedgeworth
Karena,Cleevely
Yevette,Poxson
Orelle,Anwyl
Laryssa,Keppe
Boniface,Fucher
Agatha,Stockdale
Conrado,Smith
Oneida,Teck
Eloisa,Escofier
Bobbette,Bavester
Amble,Petruskevich
Dwight,Cawson
Ash,Larkings
Ame,Tregunnah
Beverie,Whittet
Glynn,Dalgliesh
Frederico,Wimlett
Dana,Mechi
Parry,Castagne
Ulberto,Greenhow
Keith,Beet
Taffy,Ramalhete
Moyra,Balfour
Crissie,Rideout
Joe,Guerro
Miranda,Berzins
Nola,Oughton
Lanae,Stabbins
Binny,Cocklin
Chrystel,Morrissey
Darya,Kirkbright
Sheela,Brand-Hardy
Hillier,Wrist
Elmer,Panniers
Karlotte,Tripcony
Giffard,Hanbridge
Lin,McCook
Xerxes,Hinsch
Jimmy,Rowen
Janith,Itzcovichch
Alasdair,Kitchinghan
Rory,McNeice
Lorena,Muckleston
Rosella,Mileham
Eward,Grace
Gaby,Cancellor
Mirabelle,Bourdis
Boigie,Marriage
Immanuel,Lelievre
Barbie,Arrol
Chadd,Jursch
Liana,Leat
Almeda,Boichat
Saundra,Lidster
Darrell,Geerdts
Harmonie,Huffy
Almeria,Baggarley
Celestina,Birmingham
Luella,Sawkins
Rosabel,Eldin
Heida,Eye
Madelyn,Saggs
Adina,McGifford
Herc,Harms
Auberon,Wroe
Henriette,Vearncomb
Mirabel,Leacy
Jamison,Crewes
Rozelle,Flay
Domingo,Ruddoch
Leisha,Polglase
Fran,Romaine
Vaughan,Tomkies
Maryjane,Mair
Dulcinea,Farragher
Dayle,Higounet
Silvana,Peddersen
Fabe,Edmand
Wilfred,Buckbee
Janey,Clacson
Reese,Gerardi
Clari,Downton
Gianina,Jaggers
Nikolas,Brader
Milton,Sanbrook
Hobey,Danter
Priscilla,Daly
Torey,Elesander
Austin,Childes
Shane,Fetherstonhaugh
Alvan,Bruntje
Mufinella,Jellings
Allard,Liptrod
Mac,Benck
Garnette,Knotte
Carrissa,Slafford
Shanon,Varfalameev
Joline,Frensche